<GeoServerTileLayer>
  <id>LayerInfoImpl--3da26dd3:15aa9316721:-7ff1</id>
  <enabled>true</enabled>
  <inMemoryCached>true</inMemoryCached>
  <name>mapa_jalisco:marginacion_colonias</name>
  <mimeFormats>
    <string>image/png</string>
    <string>image/jpeg</string>
  </mimeFormats>
  <gridSubsets>
    <gridSubset>
      <gridSetName>EPSG:900913</gridSetName>
      <extent>
        <coords>
          <double>-1.1742252887967505E7</double>
          <double>2154790.6256965683</double>
          <double>-1.1305826332669867E7</double>
          <double>2546598.711753468</double>
        </coords>
      </extent>
    </gridSubset>
    <gridSubset>
      <gridSetName>EPSG:4326</gridSetName>
      <extent>
        <coords>
          <double>-105.482452392578</double>
          <double>18.9987659454346</double>
          <double>-101.561965942383</double>
          <double>22.2918262481689</double>
        </coords>
      </extent>
    </gridSubset>
  </gridSubsets>
  <metaWidthHeight>
    <int>4</int>
    <int>4</int>
  </metaWidthHeight>
  <expireCache>0</expireCache>
  <expireClients>0</expireClients>
  <parameterFilters>
    <styleParameterFilter>
      <key>STYLES</key>
      <defaultValue></defaultValue>
      <availableStyles class="sorted-set">
        <string>mapa_jalisco:marginacion_colonias</string>
      </availableStyles>
      <defaultStyle>mapa_jalisco:default_colonias</defaultStyle>
    </styleParameterFilter>
  </parameterFilters>
  <gutter>0</gutter>
</GeoServerTileLayer>