<GeoServerTileLayer>
  <id>LayerInfoImpl--3da26dd3:15aa9316721:-7ff3</id>
  <enabled>true</enabled>
  <inMemoryCached>true</inMemoryCached>
  <name>mapa_jalisco:marginacion_agebs</name>
  <mimeFormats>
    <string>image/png</string>
    <string>image/jpeg</string>
  </mimeFormats>
  <gridSubsets>
    <gridSubset>
      <gridSetName>EPSG:4326</gridSetName>
      <extent>
        <coords>
          <double>-105.355987548828</double>
          <double>19.1815319061279</double>
          <double>-101.559944152832</double>
          <double>22.0041408538818</double>
        </coords>
      </extent>
    </gridSubset>
    <gridSubset>
      <gridSetName>EPSG:900913</gridSetName>
      <extent>
        <coords>
          <double>-1.1728174885958001E7</double>
          <double>2176320.05778418</double>
          <double>-1.130560126808656E7</double>
          <double>2512022.4010482114</double>
        </coords>
      </extent>
    </gridSubset>
  </gridSubsets>
  <metaWidthHeight>
    <int>4</int>
    <int>4</int>
  </metaWidthHeight>
  <expireCache>0</expireCache>
  <expireClients>0</expireClients>
  <parameterFilters>
    <styleParameterFilter>
      <key>STYLES</key>
      <defaultValue></defaultValue>
      <availableStyles class="sorted-set"/>
      <defaultStyle>mapa_jalisco:default_agebs</defaultStyle>
    </styleParameterFilter>
  </parameterFilters>
  <gutter>0</gutter>
</GeoServerTileLayer>