<GeoServerTileLayer>
  <id>LayerInfoImpl--64e78ea9:15be9a30d0e:-376d</id>
  <enabled>true</enabled>
  <inMemoryCached>true</inMemoryCached>
  <name>mapa_jalisco:geodelitos</name>
  <mimeFormats>
    <string>image/png</string>
    <string>image/jpeg</string>
  </mimeFormats>
  <gridSubsets>
    <gridSubset>
      <gridSetName>EPSG:900913</gridSetName>
      <extent>
        <coords>
          <double>-2.003750834E7</double>
          <double>-2.003750834E7</double>
          <double>2.003750834E7</double>
          <double>2.003750834E7</double>
        </coords>
      </extent>
    </gridSubset>
    <gridSubset>
      <gridSetName>EPSG:4326</gridSetName>
      <extent>
        <coords>
          <double>-180.0</double>
          <double>-90.0</double>
          <double>180.0</double>
          <double>90.0</double>
        </coords>
      </extent>
    </gridSubset>
  </gridSubsets>
  <metaWidthHeight>
    <int>1</int>
    <int>1</int>
  </metaWidthHeight>
  <expireCache>0</expireCache>
  <expireClients>0</expireClients>
  <parameterFilters>
    <styleParameterFilter>
      <key>STYLES</key>
      <defaultValue></defaultValue>
      <availableStyles class="sorted-set">
        <string>mapa_jalisco:heatmap_delitos</string>
        <string>point</string>
      </availableStyles>
      <defaultStyle>mapa_jalisco:heatmap_delitos</defaultStyle>
    </styleParameterFilter>
  </parameterFilters>
  <gutter>0</gutter>
</GeoServerTileLayer>