<GeoServerTileLayer>
  <id>LayerInfoImpl--3da26dd3:15aa9316721:-7fed</id>
  <enabled>true</enabled>
  <inMemoryCached>true</inMemoryCached>
  <name>mapa_jalisco:regiones</name>
  <mimeFormats>
    <string>image/png</string>
    <string>image/jpeg</string>
  </mimeFormats>
  <gridSubsets>
    <gridSubset>
      <gridSetName>EPSG:4326</gridSetName>
      <extent>
        <coords>
          <double>-105.716255187988</double>
          <double>18.9394416809082</double>
          <double>-101.442764282227</double>
          <double>22.7647075653076</double>
        </coords>
      </extent>
    </gridSubset>
    <gridSubset>
      <gridSetName>EPSG:900913</gridSetName>
      <extent>
        <coords>
          <double>-1.1768279696098588E7</double>
          <double>2147807.4500599024</double>
          <double>-1.1292556864559589E7</double>
          <double>2603588.689717428</double>
        </coords>
      </extent>
    </gridSubset>
  </gridSubsets>
  <metaWidthHeight>
    <int>4</int>
    <int>4</int>
  </metaWidthHeight>
  <expireCache>0</expireCache>
  <expireClients>0</expireClients>
  <parameterFilters>
    <styleParameterFilter>
      <key>STYLES</key>
      <defaultValue></defaultValue>
      <availableStyles class="sorted-set">
        <string>green_border</string>
      </availableStyles>
      <defaultStyle>green_border</defaultStyle>
    </styleParameterFilter>
  </parameterFilters>
  <gutter>0</gutter>
</GeoServerTileLayer>